Link Name,Center of Mass X,Center of Mass Y,Center of Mass Z,Center of Mass Roll,Center of Mass Pitch,Center of Mass Yaw,Mass,Moment Ixx,Moment Ixy,Moment Ixz,Moment Iyy,Moment Iyz,Moment Izz,Visual X,Visual Y,Visual Z,Visual Roll,Visual Pitch,Visual Yaw,Mesh Filename,Color Red,Color Green,Color Blue,Color Alpha,Collision X,Collision Y,Collision Z,Collision Roll,Collision Pitch,Collision Yaw,Collision Mesh Filename,Material Name,SW Components,Coordinate System,Axis Name,Joint Name,Joint Type,Joint Origin X,Joint Origin Y,Joint Origin Z,Joint Origin Roll,Joint Origin Pitch,Joint Origin Yaw,Parent,Joint Axis X,Joint Axis Y,Joint Axis Z,Limit Effort,Limit Velocity,Limit Lower,Limit Upper,Calibration rising,Calibration falling,Dynamics Damping,Dynamics Friction,Safety Soft Upper,Safety Soft Lower,Safety K Position,Safety K Velocity
base_link,-0.017351,8.1955E-05,0.13526,0,0,0,23.646,0.32964,0.00047222,0.0032915,0.33637,0.0002077,0.30672,0,0,0,0,0,0,package://M_20IA_35_1.0.SLDASM/meshes/base_link.STL,0.2,0.2,0.2,1,0,0,0,0,0,0,package://M_20IA_35_1.0.SLDASM/meshes/base_link.STL,,S201_H201_02-1,axis1,,,,0,0,0,0,0,0,,0,0,0,,,,,,,,,,,,
1_Link,-0.068512,-0.071834,0.17004,0,0,0,36.194,0.53481,0.002684,0.069681,0.53392,0.026982,0.60096,0,0,0,0,0,0,package://M_20IA_35_1.0.SLDASM/meshes/1_Link.STL,1,1,1,1,0,0,0,0,0,0,package://M_20IA_35_1.0.SLDASM/meshes/1_Link.STL,,S301_FIX-2;J2COVER-2,axis2,基准轴1,1_join,revolute,-0.020011,-5.9428E-05,0.3026,0,0,2.7609,base_link,0,0,1,0,0,-3.14,3.14,,,,,,,,
2_Link,0.40364,5.0072E-05,0.04086,0,0,0,14.475,0.054733,9.2851E-05,0.0062217,0.97739,7.7427E-05,0.9879,0,0,0,0,0,0,package://M_20IA_35_1.0.SLDASM/meshes/2_Link.STL,1,1,1,1,0,0,0,0,0,0,package://M_20IA_35_1.0.SLDASM/meshes/2_Link.STL,,S301_MOVE-1,axis3,基准轴2,2_join,revolute,-0.15,0.128,0.2174,-1.5708,-1.5602,0,1_Link,0,5.8083E-05,-1,0,0,-3.14,3.14,,,,,,,,
3_Link,0.085467,0.068885,0.095394,0,0,0,15.679,0.29503,-0.036216,-0.022068,0.26293,0.033577,0.20187,0,0,0,0,0,0,package://M_20IA_35_1.0.SLDASM/meshes/3_Link.STL,1,1,1,1,0,0,0,0,0,0,package://M_20IA_35_1.0.SLDASM/meshes/3_Link.STL,,S401-1;M_20IA_35.sldasm-Part-3-1;J4COVER-1,axis4,基准轴3,3_join,revolute,0.79,0,-0.048,-3.1416,0,-0.85427,2_Link,4.3397E-05,3.861E-05,-1,0,0,-3.14,3.14,,,,,,,,
4_Link,0.013115,-8.5844E-05,0.49835,0,0,0,8.6714,0.25249,-2.0442E-05,-0.020578,0.25253,-9.5654E-05,0.020604,0,0,0,0,0,0,package://M_20IA_35_1.0.SLDASM/meshes/4_Link.STL,1,0.8,0.2,1,0,0,0,0,0,0,package://M_20IA_35_1.0.SLDASM/meshes/4_Link.STL,,S501_FIX-1;M_20IA_35.sldasm-Part-2-1,axis5,基准轴4,4_join,revolute,0.15,0.08605,0.08,1.5708,-1.545,3.1416,3_Link,0,0,1,0,0,-3.14,3.14,,,,,,,,
5_Link,-0.0040567,-0.0030457,0.047139,0,0,0,1.1864,0.0031391,5.9789E-05,-9.0513E-06,0.0014546,8.1615E-05,0.0031636,0,0,0,0,0,0,package://M_20IA_35_1.0.SLDASM/meshes/5_Link.STL,0.4,0.4,0.4,1,0,0,0,0,0,0,package://M_20IA_35_1.0.SLDASM/meshes/5_Link.STL,,S501_MOVE-1,axis6,基准轴5,5_join,revolute,0.044787,0,0.77395,1.6144,0.043633,-1.5708,4_Link,0,0.043578,0.99905,0,0,-3.14,3.14,,,,,,,,
6_Link,0.038049,0.043888,0.066711,0,0,0,6.8259,0.12197,-0.025814,-0.00066608,0.11203,-0.0010666,0.23182,0,0,0,0,0,0,package://M_20IA_35_1.0.SLDASM/meshes/6_Link.STL,0.79216,0.81961,0.93333,1,0,0,0,0,0,0,package://M_20IA_35_1.0.SLDASM/meshes/6_Link.STL,,endArm-1;末端装配体-1/上钣件-1;末端装配体-1/电器安装钣件-1;末端装配体-1/法兰-1;末端装配体-1/传感器-1;末端装配体-1/增高片-1;末端装配体-1/钣件-1;末端装配体-1/钣件安装件-7;末端装配体-1/吸盘-3;末端装配体-1/吸盘-2;末端装配体-1/吸盘-1;末端装配体-1/钣件安装件-1;末端装配体-1/钣件安装件-6;末端装配体-1/零件抽壳-1;末端装配体-1/电器安装导轨-1;末端装配体-1/钣件安装件-8;末端装配体-1/吸盘-4;末端装配体-1/钣件安装件-5;末端装配体-1/吸盘-8;末端装配体-1/钣件安装件-4;末端装配体-1/吸盘-6;末端装配体-1/钣件安装件-3;末端装配体-1/吸盘-7;末端装配体-1/吸盘-5,axis7,基准轴6,6_join,revolute,-0.0039039,0.091282,0.040848,1.6195,0.46353,-3.0761,5_Link,0,0,1,0,0,-3.14,3.14,,,,,,,,
